{
	"name": "Elastic",
	"author": "Aleksander Machniak",
	"license": "Creative Commons Attribution-ShareAlike",
	"license-url": "http://creativecommons.org/licenses/by-sa/3.0/",
	"config": {
		"layout": "widescreen",
		"jquery_ui_colors_theme": "bootstrap",
		"embed_css_location": "/styles/embed.css",
		"editor_css_location": "/styles/embed.css",
		"media_browser_css_location": "none"
	},
	"meta": {
		"viewport": "width=device-width, initial-scale=1.0, shrink-to-fit=no, maximum-scale=1.0",
		"theme-color": "#f4f4f4",
		"msapplication-navbutton-color": "#f4f4f4"
	}
}
